{"cameraMode":{"drawMode":0,"name":"Shaded","section":"Shading Mode"},"sceneLighting":false,"audioPlay":false,"sceneViewState":{"showFog":true,"showMaterialUpdate":false,"showSkybox":false,"showFlares":true,"showImageEffects":true,"showParticleSystems":true},"in2DMode":false,"pivot":{"x":0.0006825923919677734,"y":2.6511082649230959,"z":1.1920928955078126e-7},"rotation":{"x":0.012585433200001717,"y":0.98285973072052,"z":-0.1688246726989746,"w":0.07325923442840576},"size":2.700561046600342,"orthographic":false}