{"cameraMode":{"drawMode":0,"name":"Shaded","section":"Shading Mode"},"sceneLighting":true,"audioPlay":false,"sceneViewState":{"showFog":true,"showMaterialUpdate":false,"showSkybox":true,"showFlares":true,"showImageEffects":true,"showParticleSystems":true},"in2DMode":false,"pivot":{"x":-3.9003477096557619,"y":22.204574584960939,"z":408.8297424316406},"rotation":{"x":-0.05200199410319328,"y":-0.9348148107528687,"z":0.31582656502723696,"w":-0.15392553806304933},"size":17.111223220825197,"orthographic":false}