{"cameraMode":{"drawMode":0,"name":"Shaded","section":"Shading Mode"},"sceneLighting":false,"audioPlay":false,"sceneViewState":{"showFog":true,"showMaterialUpdate":false,"showSkybox":false,"showFlares":true,"showImageEffects":true,"showParticleSystems":true},"in2DMode":false,"pivot":{"x":-0.20634055137634278,"y":0.38025617599487307,"z":-0.005895495414733887},"rotation":{"x":0.2432609349489212,"y":0.1686166524887085,"z":-0.04298711195588112,"w":0.9542453289031982},"size":0.868053674697876,"orthographic":false}