{"cameraMode":{"drawMode":0,"name":"Shaded","section":"Shading Mode"},"sceneLighting":false,"audioPlay":false,"sceneViewState":{"showFog":true,"showMaterialUpdate":false,"showSkybox":false,"showFlares":true,"showImageEffects":true,"showParticleSystems":true},"in2DMode":false,"pivot":{"x":5.960464477539063e-8,"y":0.4728391766548157,"z":0.0000011622905731201172},"rotation":{"x":0.2432609349489212,"y":0.1686166524887085,"z":-0.04298711195588112,"w":0.9542453289031982},"size":0.6104279160499573,"orthographic":false}