{"cameraMode":{"drawMode":0,"name":"Shaded","section":"Shading Mode"},"sceneLighting":false,"audioPlay":false,"sceneViewState":{"showFog":true,"showMaterialUpdate":false,"showSkybox":false,"showFlares":true,"showImageEffects":true,"showParticleSystems":true},"in2DMode":false,"pivot":{"x":1.8333027362823487,"y":4.942448139190674,"z":-2.682209014892578e-7},"rotation":{"x":0.27738726139068606,"y":-0.38517358899116518,"z":0.12257625162601471,"w":0.8716150522232056},"size":5.3962249755859379,"orthographic":false}