{"cameraMode":{"drawMode":0,"name":"Shaded","section":"Shading Mode"},"sceneLighting":false,"audioPlay":false,"sceneViewState":{"showFog":true,"showMaterialUpdate":false,"showSkybox":false,"showFlares":true,"showImageEffects":true,"showParticleSystems":true},"in2DMode":false,"pivot":{"x":0.0,"y":4.792367458343506,"z":-0.0000011920928955078126},"rotation":{"x":0.2432609349489212,"y":0.1686166524887085,"z":-0.04298711195588112,"w":0.9542453289031982},"size":4.96369743347168,"orthographic":false}