{"cameraMode":{"drawMode":0,"name":"Shaded","section":"Shading Mode"},"sceneLighting":false,"audioPlay":false,"sceneViewState":{"showFog":true,"showMaterialUpdate":false,"showSkybox":false,"showFlares":true,"showImageEffects":true,"showParticleSystems":true},"in2DMode":false,"pivot":{"x":-0.000004291534423828125,"y":0.16353744268417359,"z":-4.76837158203125e-7},"rotation":{"x":0.27738726139068606,"y":-0.38517358899116518,"z":0.12257625162601471,"w":0.8716150522232056},"size":10.607874870300293,"orthographic":false}