{"cameraMode":{"drawMode":0,"name":"Shaded","section":"Shading Mode"},"sceneLighting":false,"audioPlay":false,"sceneViewState":{"showFog":true,"showMaterialUpdate":false,"showSkybox":false,"showFlares":true,"showImageEffects":true,"showParticleSystems":true},"in2DMode":false,"pivot":{"x":-0.010089602321386338,"y":4.298661708831787,"z":-0.17333984375},"rotation":{"x":-0.24030180275440217,"y":0.016305601224303247,"z":-0.004028989002108574,"w":-0.9705621600151062},"size":2.528242826461792,"orthographic":false}