{"cameraMode":{"drawMode":0,"name":"Shaded","section":"Shading Mode"},"sceneLighting":false,"audioPlay":false,"sceneViewState":{"showFog":true,"showMaterialUpdate":false,"showSkybox":false,"showFlares":true,"showImageEffects":true,"showParticleSystems":true},"in2DMode":false,"pivot":{"x":-4.57552433013916,"y":5.204959392547607,"z":-1.6965601444244385},"rotation":{"x":-0.23913247883319856,"y":-0.6635364294052124,"z":0.23756805062294007,"w":-0.6679243445396423},"size":13.390371322631836,"orthographic":false}