{"cameraMode":{"drawMode":0,"name":"Shaded","section":"Shading Mode"},"sceneLighting":false,"audioPlay":false,"sceneViewState":{"showFog":true,"showMaterialUpdate":false,"showSkybox":false,"showFlares":true,"showImageEffects":true,"showParticleSystems":true},"in2DMode":false,"pivot":{"x":-0.39034247398376467,"y":4.176144123077393,"z":0.01529073715209961},"rotation":{"x":-0.20023532211780549,"y":-0.6200134754180908,"z":0.1677969992160797,"w":-0.7398455142974854},"size":5.816569805145264,"orthographic":false}