{"cameraMode":{"drawMode":0,"name":"Shaded","section":"Shading Mode"},"sceneLighting":true,"audioPlay":false,"sceneViewState":{"showFog":true,"showMaterialUpdate":false,"showSkybox":true,"showFlares":true,"showImageEffects":true,"showParticleSystems":true},"in2DMode":false,"pivot":{"x":-0.45590049028396609,"y":-0.026997987180948259,"z":0.06993221491575241},"rotation":{"x":-0.12046404182910919,"y":-0.616741955280304,"z":0.09625070542097092,"w":-0.7719390392303467},"size":2.1928231716156008,"orthographic":false}