{"cameraMode":{"drawMode":0,"name":"Shaded","section":"Shading Mode"},"sceneLighting":false,"audioPlay":false,"sceneViewState":{"showFog":true,"showMaterialUpdate":false,"showSkybox":false,"showFlares":true,"showImageEffects":true,"showParticleSystems":true},"in2DMode":false,"pivot":{"x":0.12886929512023927,"y":3.5142602920532228,"z":-0.38628053665161135},"rotation":{"x":-0.20023532211780549,"y":-0.6200134754180908,"z":0.1677969992160797,"w":-0.7398455142974854},"size":5.697073936462402,"orthographic":false}