{"cameraMode":{"drawMode":0,"name":"Shaded","section":"Shading Mode"},"sceneLighting":false,"audioPlay":false,"sceneViewState":{"showFog":true,"showMaterialUpdate":false,"showSkybox":false,"showFlares":true,"showImageEffects":true,"showParticleSystems":true},"in2DMode":false,"pivot":{"x":-0.10634136199951172,"y":4.126143932342529,"z":0.33061695098876955},"rotation":{"x":-0.20023532211780549,"y":-0.6200134754180908,"z":0.1677969992160797,"w":-0.7398455142974854},"size":5.967916965484619,"orthographic":false}