{"cameraMode":{"drawMode":0,"name":"Shaded","section":"Shading Mode"},"sceneLighting":false,"audioPlay":false,"sceneViewState":{"showFog":true,"showMaterialUpdate":false,"showSkybox":false,"showFlares":true,"showImageEffects":true,"showParticleSystems":true},"in2DMode":false,"pivot":{"x":1.864715814590454,"y":4.942448139190674,"z":-1.4845950603485108},"rotation":{"x":0.27738726139068606,"y":-0.38517358899116518,"z":0.12257625162601471,"w":0.8716150522232056},"size":6.340580463409424,"orthographic":false}