{"cameraMode":{"drawMode":0,"name":"Shaded","section":"Shading Mode"},"sceneLighting":false,"audioPlay":false,"sceneViewState":{"showFog":true,"showMaterialUpdate":false,"showSkybox":false,"showFlares":true,"showImageEffects":true,"showParticleSystems":true},"in2DMode":false,"pivot":{"x":-0.029427528381347657,"y":5.843800067901611,"z":0.000009298324584960938},"rotation":{"x":0.2432609349489212,"y":0.1686166524887085,"z":-0.04298711195588112,"w":0.9542453289031982},"size":8.869159698486329,"orthographic":false}