{"cameraMode":{"drawMode":0,"name":"Shaded","section":"Shading Mode"},"sceneLighting":false,"audioPlay":false,"sceneViewState":{"showFog":true,"showMaterialUpdate":false,"showSkybox":false,"showFlares":true,"showImageEffects":true,"showParticleSystems":true},"in2DMode":false,"pivot":{"x":0.018167871981859208,"y":-0.004405805841088295,"z":-0.6835196614265442},"rotation":{"x":-0.34503164887428286,"y":-0.6091578602790833,"z":0.3326375186443329,"w":-0.6318691372871399},"size":0.6928233504295349,"orthographic":false}