{"cameraMode":{"drawMode":0,"name":"Shaded","section":"Shading Mode"},"sceneLighting":true,"audioPlay":false,"sceneViewState":{"showFog":true,"showMaterialUpdate":false,"showSkybox":true,"showFlares":true,"showImageEffects":true,"showParticleSystems":true},"in2DMode":false,"pivot":{"x":10.734167098999024,"y":4.039709568023682,"z":191.25303649902345},"rotation":{"x":-0.11375011503696442,"y":0.8714622855186462,"z":-0.4119826555252075,"w":-0.24062110483646394},"size":25.181310653686525,"orthographic":false}