{"cameraMode":{"drawMode":0,"name":"Shaded","section":"Shading Mode"},"sceneLighting":false,"audioPlay":false,"sceneViewState":{"showFog":true,"showMaterialUpdate":false,"showSkybox":false,"showFlares":true,"showImageEffects":true,"showParticleSystems":true},"in2DMode":false,"pivot":{"x":-2.9802322387695315e-8,"y":0.5503472089767456,"z":5.960464477539063e-8},"rotation":{"x":-0.20023532211780549,"y":-0.6200134754180908,"z":0.1677969992160797,"w":-0.7398455142974854},"size":0.8235177397727966,"orthographic":false}