{"cameraMode":{"drawMode":0,"name":"Shaded","section":"Shading Mode"},"sceneLighting":false,"audioPlay":false,"sceneViewState":{"showFog":true,"showMaterialUpdate":false,"showSkybox":false,"showFlares":true,"showImageEffects":true,"showParticleSystems":true},"in2DMode":false,"pivot":{"x":0.0,"y":0.2645135819911957,"z":-7.499972820281982},"rotation":{"x":0.27738726139068606,"y":-0.38517358899116518,"z":0.12257625162601471,"w":0.8716150522232056},"size":10.609869956970215,"orthographic":false}