{"cameraMode":{"drawMode":0,"name":"Shaded","section":"Shading Mode"},"sceneLighting":false,"audioPlay":false,"sceneViewState":{"showFog":true,"showMaterialUpdate":false,"showSkybox":false,"showFlares":true,"showImageEffects":true,"showParticleSystems":true},"in2DMode":false,"pivot":{"x":8.940696716308594e-8,"y":0.413281112909317,"z":-4.172325134277344e-7},"rotation":{"x":0.2432609349489212,"y":0.1686166524887085,"z":-0.04298711195588112,"w":0.9542453289031982},"size":0.8886816501617432,"orthographic":false}