{"cameraMode":{"drawMode":0,"name":"Shaded","section":"Shading Mode"},"sceneLighting":false,"audioPlay":false,"sceneViewState":{"showFog":true,"showMaterialUpdate":false,"showSkybox":false,"showFlares":true,"showImageEffects":true,"showParticleSystems":true},"in2DMode":false,"pivot":{"x":0.04085063934326172,"y":7.081268310546875,"z":0.15060782432556153},"rotation":{"x":-0.20023532211780549,"y":-0.6200134754180908,"z":0.1677969992160797,"w":-0.7398455142974854},"size":8.481586456298829,"orthographic":false}